Title,Address,Latitude,Longitude,Original_URL
Title,"1900 S 4th Ave, Tucson, AZ 85713, United States",32.1992924,-110.9656862,URL
7425 Peak Dr,"7425 Peak Dr, Las Vegas, NV 89128, USA",36.2092438,-115.2555443,https://www.google.com/maps/place/7425+Peak+Dr/data=!4m2!3m1!1s0x80c8ea9e8cc43a8b:0x46915bbc051dba99
Pearle Vision,"1495 E Tucson Marketplace Blvd Suite 161, Tucson, AZ 85713, United States",32.1831776,-110.9489736,https://www.google.com/maps/place/Pearle+Vision/data=!4m2!3m1!1s0x872b70e095ef3f0d:0x704ce06c8f4e87a3
Black Lab Optical,"1515 W Deer Valley Rd suite 105 building a, Phoenix, AZ 85027, United States",33.682755,-112.0929075,https://www.google.com/maps/place/Black+Lab+Optical/data=!4m2!3m1!1s0x872b6f9d0691a887:0x5d8a964cd6ae8b6f
Black Lab Optical,"1515 W Deer Valley Rd suite 105 building a, Phoenix, AZ 85027, United States",33.682755,-112.0929075,https://www.google.com/maps/place/Black+Lab+Optical/data=!4m2!3m1!1s0x872b757b2959c621:0x22753c40c3681076
Glassbox Eyecare,"6085 S Fort Apache Rd #130, Las Vegas, NV 89148, United States",36.0782601,-115.2985592,https://www.google.com/maps/place/Glassbox+Eyecare/data=!4m2!3m1!1s0x80c8b98d6be529c9:0xcc0c7e463d53254e
"Desert Eye Associates, Ltd Green Valley","1150 S Calle De Las Casitas #150, Green Valley, AZ 85614, United States",31.8539488,-110.9963278,"https://www.google.com/maps/place/Desert+Eye+Associates,+Ltd+Green+Valley/data=!4m2!3m1!1s0x86d6849e69306ca9:0x2e1da7a1abcc7c80"
Urban Eyecare,"1 N Central Ave #115, Phoenix, AZ 85004, United States",33.4486049,-112.0736998,https://www.google.com/maps/place/Urban+Eyecare/data=!4m2!3m1!1s0x872b122192eb8747:0x73953375d495ae5
The Eye Shop - Power,"18550 E Rittenhouse Rd Suite 100, Queen Creek, AZ 85142, United States",33.283587,-111.683737,https://www.google.com/maps/place/The+Eye+Shop+-+Power/data=!4m2!3m1!1s0x872bad9ee6ab0ee7:0xdfb6e7ce3592a2e7
"Head to Toe Healthcare, PLC","7406 N La Cholla Blvd, Tucson, AZ 85741, United States",32.3416911,-111.0123344,"https://www.google.com/maps/place/Head+to+Toe+Healthcare,+PLC/data=!4m2!3m1!1s0x0:0x5ef598f58aaf7de8"
Clear View Vision Care,"2233 E Speedway Blvd, Tucson, AZ 85719, United States",32.236409,-110.9384056,https://www.google.com/maps/place/Clear+View+Vision+Care/data=!4m2!3m1!1s0x86d67048d037e677:0xd16c43612d287027
Oracle Eye Physicians & Surgeons,"5599 N Oracle Rd, Tucson, AZ 85704, United States",32.30813,-110.9792503,https://www.google.com/maps/place/Oracle+Eye+Physicians+%26+Surgeons/data=!4m2!3m1!1s0x86d60cf9b3a573e7:0x8b7896e5b323f2a4
LEFTY-J’S ISLAND FAVORITES Restaurant #2,"4550 S Maryland Pkwy D, Las Vegas, NV 89119, United States",36.1066115,-115.1368542,https://www.google.com/maps/place/LEFTY-J%E2%80%99S+ISLAND+FAVORITES+Restaurant+%232/data=!4m2!3m1!1s0x80c8c5b2a70f3997:0xaa6e313f23d50f8
4045 Spencer St a59,"4045 Spencer St a59, Las Vegas, NV 89119, USA",36.116042,-115.1288822,https://www.google.com/maps/place/4045+Spencer+St+a59/data=!4m2!3m1!1s0x80c8c4e3379fe391:0x2caef978ab9f6ee2
Alpine Eyecare,"505 SW Mill View Way #100, Bend, OR 97702, United States",44.0494464,-121.3140167,https://www.google.com/maps/place/Alpine+Eyecare/data=!4m2!3m1!1s0x87264916345a729d:0x76f2c26f4c381aaa
"Catalina Eye Care, PC","3925 E Fort Lowell Rd 100 100, Tucson, AZ 85712, United States",32.2654276,-110.9089486,"https://www.google.com/maps/place/Catalina+Eye+Care,+PC/data=!4m2!3m1!1s0x86d672776bcbc905:0xe7aee0c488af875a"
Arizona Eye Institute,"2177 W Orange Grove Rd, Tucson, AZ 85741, United States",32.322023,-111.0140144,https://www.google.com/maps/place/Arizona+Eye+Institute/data=!4m2!3m1!1s0x872baabc82f7b415:0xac0d6f58d20caa7
Professional Eye Care Associates (Dr. Ken Jeffers),"545 N Peart Rd, Casa Grande, AZ 85122, United States",32.878136,-111.723376,https://www.google.com/maps/place/Professional+Eye+Care+Associates+(Dr.+Ken+Jeffers)/data=!4m2!3m1!1s0x872a670f82d0c161:0x10edeac1b7548e77
Flagstaff Vision,"1505 S Yale St, Flagstaff, AZ 86001, United States",35.1868672,-111.6638128,https://www.google.com/maps/place/Flagstaff+Vision/data=!4m2!3m1!1s0x872d8f619e31b561:0x46c4ede91e69975d
Ideal EyeCare,"6028 S Fort Apache Rd #101, Las Vegas, NV 89148, United States",36.0788536,-115.2971496,https://www.google.com/maps/place/Ideal+EyeCare/data=!4m2!3m1!1s0x80c8b87cc8ada04d:0x3d5c59bba1f5c937
Vivid Vision (Care),"1528 W Warm Springs Rd STE 120, Henderson, NV 89014, United States",36.05725109999999,-115.0515872,https://www.google.com/maps/place/Vivid+Vision+(Care)/data=!4m2!3m1!1s0x80c8d121ba36d3d9:0xbc816078c161b155
"Better Vision Eyecare: Thuy Yath, OD","4205 W Anthem Way Ste 101, Phoenix, AZ 85086, United States",33.8705057,-112.1506301,"https://www.google.com/maps/place/Better+Vision+Eyecare:+Thuy+Yath,+OD/data=!4m2!3m1!1s0x872c9dfc5e54199d:0x8b91a53640b6014a"
Eye Priority,"15815 S 46th St. #116, Phoenix, AZ 85048, United States",33.3032861,-111.9841546,https://www.google.com/maps/place/Eye+Priority/data=!4m2!3m1!1s0x872b046ee6a79fd5:0x811b5d70d2f38e75
Desert EyeCare Center,"21300 N John Wayne Pkwy STE 105, Maricopa, AZ 85139, United States",33.0738708,-112.0447984,https://www.google.com/maps/place/Desert+EyeCare+Center/data=!4m2!3m1!1s0x872afb2c8bf17079:0xc939da148ace77a4
Arizona Red Mountain Eye Care,"6136 E Brown Rd # 102, Mesa, AZ 85205, United States",33.437811,-111.699013,https://www.google.com/maps/place/Arizona+Red+Mountain+Eye+Care/data=!4m2!3m1!1s0x872ba5657837b0cb:0x80772c9517596afb
"Lars Carlson, OD","6900 U.S. #118, East US Highway 60, 6900 US-60 # 118, Gold Canyon, AZ 85118, United States",33.3612785,-111.4704971,"https://www.google.com/maps/place/Lars+Carlson,+OD/data=!4m2!3m1!1s0x872bb5f6116fff43:0x9a79ac86bf2221f0"
Buena Vista Eye Care,"Tucson, AZ 85756, United States",32.1337063,-110.9318224,https://www.google.com/maps/place/Buena+Vista+Eye+Care/data=!4m2!3m1!1s0x86d67b1993a993d9:0xd90e9c3422d29ad7
Tucson Optometry Clinic - East,"7402 E Broadway Blvd, Tucson, AZ 85710, United States",32.2206018,-110.8341759,https://www.google.com/maps/place/Tucson+Optometry+Clinic+-+East/data=!4m2!3m1!1s0x86d66f4db3a9f3eb:0x38b03035b7723697
"Amro N. Habib, OD","4340 W Ina Rd, Tucson, AZ 85741, United States",32.3380141,-111.0588018,"https://www.google.com/maps/place/Amro+N.+Habib,+OD/data=!4m2!3m1!1s0x86d60b0a4e35a8d3:0xb80da7c3bdc4b04e"
Eye Doctors of Arizona - North Phoenix,"3321 E Bell Rd B-12, Phoenix, AZ 85032, United States",33.6392532,-112.0106559,https://www.google.com/maps/place/Eye+Doctors+of+Arizona+-+North+Phoenix/data=!4m2!3m1!1s0x872b719a652a41c7:0x11380d655ede77d3
JL Patisserie,"7342 E Shea Blvd #108, Scottsdale, AZ 85260, United States",33.5840249,-111.9233465,https://www.google.com/maps/place/JL+Patisserie/data=!4m2!3m1!1s0x872b75d77262aed9:0x2bdf4ec49854c157
Eye Care North,"6615 N Oracle Rd, Tucson, AZ 85704, United States",32.327131,-110.976398,https://www.google.com/maps/place/Eye+Care+North/data=!4m2!3m1!1s0x872b7a52501b2821:0x84e5308fe10abd08
Petelin Vision Peoria,"7727 W Deer Valley Rd # E200, Peoria, AZ 85382, United States",33.6804778,-112.2254712,https://www.google.com/maps/place/Petelin+Vision+Peoria/data=!4m2!3m1!1s0x872b67e546ab2ddd:0xfe97735f2af5bb19
Queen Creek Eye Care,"20715 E Ocotillo Rd STE 101, Queen Creek, AZ 85142, United States",33.2478202,-111.6363196,https://www.google.com/maps/place/Queen+Creek+Eye+Care/data=!4m2!3m1!1s0x872a4d3de193ba11:0xfd8d2cefaa644d24
"Crystal Optical: Dina Hamideh, OD","401 E Bell Rd UNIT 24, Phoenix, AZ 85022, United States",33.6384802,-112.0683135,"https://www.google.com/maps/place/Crystal+Optical:+Dina+Hamideh,+OD/data=!4m2!3m1!1s0x872b6e3e4555f669:0x6c7aca5d2c6f5084"
Doctor My Eyes,"2233 E Speedway Blvd, Tucson, AZ 85719, United States",32.236409,-110.9384056,https://www.google.com/maps/place/Doctor+My+Eyes/data=!4m2!3m1!1s0x872b74ed18e8e8bd:0x14d8331d2adbf86c
Now Eye See Vision Care,"7125 S Val Vista Dr Suite 101, Gilbert, AZ 85298, United States",33.2209187,-111.7537327,https://www.google.com/maps/place/Now+Eye+See+Vision+Care/data=!4m2!3m1!1s0x872a538da5387d91:0x4225fb6ecb8400e6
San Tan Eye Care,"2680 S Val Vista Dr, Gilbert, AZ 85295, United States",33.3014794,-111.756796,https://www.google.com/maps/place/San+Tan+Eye+Care/data=!4m2!3m1!1s0x872bac77217729e1:0xe2e935f69334730
Val Vista Vision,"1780 E Boston St #101, Gilbert, AZ 85295, United States",33.3039336,-111.751502,https://www.google.com/maps/place/Val+Vista+Vision/data=!4m2!3m1!1s0x872bac71b9f748ff:0x2eb5a232bd5bf3f6
Woolf Eye Care Center,"1660 N Higley Rd Ste 101 Ste 101, Gilbert, AZ 85234, United States",33.3804646,-111.72287,https://www.google.com/maps/place/Woolf+Eye+Care+Center/data=!4m2!3m1!1s0x872baefd80e443f9:0x76dfa642b0e904d9
Neighborhood Vision Center,"1425 S Higley Rd #103, Gilbert, AZ 85296, United States",33.3247546,-111.7208316,https://www.google.com/maps/place/Neighborhood+Vision+Center/data=!4m2!3m1!1s0x872bac3171bee93b:0x4c71cd253a0b4981
Southwestern Eye Center,"5632 East 5th Street, Tucson, AZ 85711, United States",32.228744,-110.8716464,https://www.google.com/maps/place/Southwestern+Eye+Center/data=!4m2!3m1!1s0x872ba92bdff4ac3d:0x977337da77cf20df
"Chris A. Jaron, OD","12725 W Indian School Rd, Avondale, AZ 85392, United States",33.4921171,-112.3330523,"https://www.google.com/maps/place/Chris+A.+Jaron,+OD/data=!4m2!3m1!1s0x872b40b2bbd679fb:0x423335ab3b1cbd19"
Nevada Eye Care Optometry,"2090 E Flamingo Rd #101, Las Vegas, NV 89119, United States",36.1156403,-115.1241121,https://www.google.com/maps/place/Nevada+Eye+Care+Optometry/data=!4m2!3m1!1s0x80c8c4e22f300001:0xe7c676c7f3862b5
Advanced Vision & Achievement Center,"7552 N La Cholla Blvd, Tucson, AZ 85741, United States",32.3435528,-111.0117056,https://www.google.com/maps/place/Advanced+Vision+%26+Achievement+Center/data=!4m2!3m1!1s0x872b6c724110e307:0x8a46cedd9a2ef625
Sun State Eye Care,"13920 W Camino Del Sol # 6, Sun City West, AZ 85375, United States",33.6578067,-112.3613089,https://www.google.com/maps/place/Sun+State+Eye+Care/data=!4m2!3m1!1s0x872b5b5d85e072f3:0x7967b12eb7208a13
Eyemart Express,"4764 S Landing Way Ste 150, Tucson, AZ 85714, United States",32.1650793,-110.9879628,https://www.google.com/maps/place/Eyemart+Express/data=!4m2!3m1!1s0x86d66f880dff7021:0xb689c0ccc5e33f57
Eye Care Services - Henderson,"61 E Lake Mead Pkwy, Henderson, NV 89015, United States",36.0374755,-114.9845352,https://www.google.com/maps/place/Eye+Care+Services+-+Henderson/data=!4m2!3m1!1s0x80c8d6b97f77e715:0x38681c77923946a0
Sunburst Optical,"8140 S Houghton Rd #140, Tucson, AZ 85747, United States",32.1039457,-110.7747015,https://www.google.com/maps/place/Sunburst+Optical/data=!4m2!3m1!1s0x86d66117cceef1c7:0xc2fa44c0c2400102
Advanced Eyecare of Arizona,"5979 E Grant Rd #107, Tucson, AZ 85712, United States",32.2512859,-110.8640639,https://www.google.com/maps/place/Advanced+Eyecare+of+Arizona/data=!4m2!3m1!1s0x872ba63b44b0d9ff:0x1eadf18212fcbca0
Prescott Valley Eye Care,"3153 N Windsong Dr, Prescott Valley, AZ 86314, United States",34.5888746,-112.3263244,https://www.google.com/maps/place/Prescott+Valley+Eye+Care/data=!4m2!3m1!1s0x872d23fbbf9ec9cd:0x8cc93b03abda0fca
The Frame Doctor,"950 W Prince Rd, Tucson, AZ 85705, United States",32.2724895,-110.9881525,https://www.google.com/maps/place/The+Frame+Doctor/data=!4m2!3m1!1s0x872b0dab578b89af:0x500a7113cc2af316
"Optics of Scottsdale - Jill Rago, OD","20301 Hayden Rd, Scottsdale, AZ 85255, United States",33.669721,-111.9047261,"https://www.google.com/maps/place/Optics+of+Scottsdale+-+Jill+Rago,+OD/data=!4m2!3m1!1s0x872b76f583aaecd9:0xbec61a8780672ba5"
Lumina Vision Partners,"4222 E Thomas Rd Ste 310, Phoenix, AZ 85018, United States",33.4808101,-111.9907728,https://www.google.com/maps/place/Lumina+Vision+Partners/data=!4m2!3m1!1s0x872b0bbda69aaaab:0xb45127c83f5689b7
Focused on Eyes,"2350 W Ray Rd Suite 1, Chandler, AZ 85224, United States",33.3213854,-111.8820572,https://www.google.com/maps/place/Focused+on+Eyes/data=!4m2!3m1!1s0x872b07386881e695:0xa00032559aacfcf7
Abbott Eye Care - A Division of Experts On Sight,"1919 E McKellips Rd STE 103, Mesa, AZ 85203, United States",33.4511981,-111.7895042,https://www.google.com/maps/place/Abbott+Eye+Care+-+A+Division+of+Experts+On+Sight/data=!4m2!3m1!1s0x872ba65f1a35a9e7:0x74883deac5898dc5
"Dr. James W. Reed, OD","1356 S Gilbert Rd #3, Mesa, AZ 85204, United States",33.390207,-111.789555,"https://www.google.com/maps/place/Dr.+James+W.+Reed,+OD/data=!4m2!3m1!1s0x872ba894b7f08c19:0x50617d889c4e94c2"
Nuvision Centers - Phoenix,"14001 N 7th St B103, Phoenix, AZ 85022, United States",33.6132556,-112.0646276,https://www.google.com/maps/place/Nuvision+Centers+-+Phoenix/data=!4m2!3m1!1s0x872b6de3d1e25b81:0x1379c7951cb67c24
Blink Eye Care Phoenix,"6040 N 7th St #300, Phoenix, AZ 85014, United States",33.5252234,-112.0651544,https://www.google.com/maps/place/Blink+Eye+Care+Phoenix/data=!4m2!3m1!1s0x872b133c653758a1:0x296bcca2235dab81
Arcadia Eye Care,"7509 E 1st St, Scottsdale, AZ 85251, United States",33.4920129,-111.9192489,https://www.google.com/maps/place/Arcadia+Eye+Care/data=!4m2!3m1!1s0x872b0cf0f2456d03:0x8382ea528e65e075
Optical Expressions,"6137 N Scottsdale Rd #113, Scottsdale, AZ 85250, United States",33.52645,-111.92452,https://www.google.com/maps/place/Optical+Expressions/data=!4m2!3m1!1s0x872b1240b85c4daf:0xabe4faa5588dee40
Eye Boutique of Sedona,"100 Verde Valley School Rd #114, Sedona, AZ 86351, United States",34.7783203,-111.7641525,https://www.google.com/maps/place/Eye+Boutique+of+Sedona/data=!4m2!3m1!1s0x872da606d1ee8b25:0xb6af592f1a5cc684
Highline Eye Care & Optical,"1600 W University Ave Ste 105, Flagstaff, AZ 86001, United States",35.1840585,-111.675098,https://www.google.com/maps/place/Highline+Eye+Care+%26+Optical/data=!4m2!3m1!1s0x872d850863ca5031:0x4473c7717bc9e1ca
Yavapai Eye Care,"7763 Florentine Rd, Prescott Valley, AZ 86314, United States",34.5879419,-112.3298222,https://www.google.com/maps/place/Yavapai+Eye+Care/data=!4m2!3m1!1s0x872d23a483cfe407:0xe92746180fb2783d
Falcon Family Eye Care,"1100 S Dobson Rd #103, Chandler, AZ 85286, United States",33.2898606,-111.8767745,https://www.google.com/maps/place/Falcon+Family+Eye+Care/data=!4m2!3m1!1s0x872b00be47f6a217:0xcabdd60881904198
Riviera Opticare,"555 N Gilbert Rd #101, Mesa, AZ 85203, United States",33.4256103,-111.7877231,https://www.google.com/maps/place/Riviera+Opticare/data=!4m2!3m1!1s0x872ba63db44f9395:0xd2c72689bfcbdb46
Mountainview Vision Center,"1701 Stockton Hill Rd D, Kingman, AZ 86401, United States",35.2033719,-114.0345212,https://www.google.com/maps/place/Mountainview+Vision+Center/data=!4m2!3m1!1s0x80cdddc9cb3a4081:0xa4d289fb9500d5d8
Cochise Eye & Laser,"2445 E Wilcox Dr, Sierra Vista, AZ 85635, United States",31.5523836,-110.2739824,https://www.google.com/maps/place/Cochise+Eye+%26+Laser/data=!4m2!3m1!1s0x86d702915bc6b36f:0xe3caab38807e18c5
Fashion Eye Center - Oracle,"7111 N Oracle Rd #4224, Tucson, AZ 85704, United States",32.3359648,-110.9780253,https://www.google.com/maps/place/Fashion+Eye+Center+-+Oracle/data=!4m2!3m1!1s0x86d673412a603da5:0x6f8ed9af60dcff8
Fashion Eye Center - Broadway,"6159 E Broadway Blvd, Tucson, AZ 85711, United States",32.2219514,-110.8606417,https://www.google.com/maps/place/Fashion+Eye+Center+-+Broadway/data=!4m2!3m1!1s0x86d66fa1f3443d4b:0x2174bf81d6ee9c58
Accent on Vision,"6843 N Oracle Rd STE 151, Tucson, AZ 85704, United States",32.3308426,-110.9783521,https://www.google.com/maps/place/Accent+on+Vision/data=!4m2!3m1!1s0x86d6734031b3bb93:0xd4b6ec3f0ab820d3
Eye Associates of Tucson,"5240 E Knight Dr #104, Tucson, AZ 85712, United States",32.2486796,-110.881076,https://www.google.com/maps/place/Eye+Associates+of+Tucson/data=!4m2!3m1!1s0x86d66e37932aeebf:0xef8afdc86a842e07
"Edmonds, Husz & Pemberton Eye Center","4730 E Pima St, Tucson, AZ 85712, United States",32.2431988,-110.8915623,"https://www.google.com/maps/place/Edmonds,+Husz+%26+Pemberton+Eye+Center/data=!4m2!3m1!1s0x86d66e2e18cc0137:0xf9de4434660dc4ed"
Eye & Cosmetic Surgery,"6130 N La Cholla Blvd # 245, Tucson, AZ 85741, United States",32.3180854,-111.0109454,https://www.google.com/maps/place/Eye+%26+Cosmetic+Surgery/data=!4m2!3m1!1s0x80c8c320680c4569:0x8001bdb78a07bb94
Desert Family Eye Care,"1110 N El Dorado Pl, Tucson, AZ 85715, United States",32.2360464,-110.854945,https://www.google.com/maps/place/Desert+Family+Eye+Care/data=!4m2!3m1!1s0x872b07552b27bf4d:0xcf576c435bbf153a
Eye Care Professionals,"1303 E University Blvd # 241, Tucson, AZ 85719, United States",32.2325726,-110.9520943,https://www.google.com/maps/place/Eye+Care+Professionals/data=!4m2!3m1!1s0x872b0078eddde4cb:0x4398d01f6c3ce981
Sonoran Desert Eye Care,"2211 E Pecos Rd #1, Chandler, AZ 85225, United States",33.2913784,-111.8036496,https://www.google.com/maps/place/Sonoran+Desert+Eye+Care/data=!4m2!3m1!1s0x872babb206bdd5bb:0x5091d88b888ce64e
The Eye Shop,"21321 E Ocotillo Rd #105, Queen Creek, AZ 85142, United States",33.2480285,-111.623924,https://www.google.com/maps/place/The+Eye+Shop/data=!4m2!3m1!1s0x872a4d1f15010151:0x265e755f12599021
Premier Eyecare of AZ,"3271 E Queen Creek Rd STE 107, Gilbert, AZ 85298, United States",33.2618131,-111.7190428,https://www.google.com/maps/place/Premier+Eyecare+of+AZ/data=!4m2!3m1!1s0x872bacd725476879:0xda89ee121bb66df3
Arizona Primary Eye Care,"4413 E Broadway Blvd, Tucson, AZ 85711, United States",32.2218648,-110.898065,https://www.google.com/maps/place/Arizona+Primary+Eye+Care/data=!4m2!3m1!1s0x86d66ee49f7faa69:0xb32a5cd755597b90
Nevada Eye Care West - an NVISION Eye Center,"7730 W Cheyenne Ave #103, Las Vegas, NV 89129, United States",36.219035,-115.2634772,https://www.google.com/maps/place/Nevada+Eye+Care+West+-+an+NVISION+Eye+Center/data=!4m2!3m1!1s0x80c8eabc31970211:0x292dcd72cb501aff
Oro Valley Eyecare,"760 E Pusch View Ln #100, Oro Valley, AZ 85737, United States",32.3959614,-110.9604169,https://www.google.com/maps/place/Oro+Valley+Eyecare/data=!4m2!3m1!1s0x86d60cf8f13f1303:0xc55d988b9c05e516
Graff Bruce V OD,"1406 Bailey Ave, Needles, CA 92363, United States",34.83261,-114.6190634,https://www.google.com/maps/place/Graff+Bruce+V+OD/data=!4m2!3m1!1s0x80ce24820ad72cf5:0x1ac5bed6e0cee561
Farr Eyecare Group / The Eye Center,"2974 N Alma School Rd suite 3, Chandler, AZ 85224, United States",33.347507,-111.8598617,https://www.google.com/maps/place/Farr+Eyecare+Group+%2F+The+Eye+Center/data=!4m2!3m1!1s0x872b07566ebc484d:0xa786acfa2e8406ca
Somerton Eyecare Center,"725 E Main St SUITE 1C, Somerton, AZ 85350, United States",32.5962781,-114.7026981,https://www.google.com/maps/place/Somerton+Eyecare+Center/data=!4m2!3m1!1s0x80d6575eced9a61f:0xbebefee48cba4d4b
Page Eye Center,"420 N Navajo Dr #1806, Page, AZ 86040, United States",36.9165525,-111.4632975,https://www.google.com/maps/place/Page+Eye+Center/data=!4m2!3m1!1s0x873414a42426e751:0x4aa2302b31c105e4
"Focal Point Eyewear, Inc.","322 N HWY 160 Suite #13, Tuba City, AZ 86045, United States",36.1222597,-111.2226561,"https://www.google.com/maps/place/Focal+Point+Eyewear,+Inc./data=!4m2!3m1!1s0x8733d3a25a7b05d5:0xc24e27c8434622f1"
"Brad D. Packer, OD","412 Whipple St, Prescott, AZ 86301, United States",34.5574669,-112.4739372,"https://www.google.com/maps/place/Brad+D.+Packer,+OD/data=!4m2!3m1!1s0x872d2f2bad5bd16b:0xd7df6ac9c0945347"
Fornara Eye Center,"199 S Candy Ln #2A, Cottonwood, AZ 86326, United States",34.7366859,-112.0315215,https://www.google.com/maps/place/Fornara+Eye+Center/data=!4m2!3m1!1s0x872d0feeeb64b4a9:0x57a3340d7f6fce10
Sedona Eye Care,"95 Soldiers Pass Rd A-1, Sedona, AZ 86336, United States",34.864118,-111.783257,https://www.google.com/maps/place/Sedona+Eye+Care/data=!4m2!3m1!1s0x872da147da46a77f:0x28487035620afa5f
Stuart Eye Center,"122 W 3rd St, Winslow, AZ 86047, United States",35.0247987,-110.6983158,https://www.google.com/maps/place/Stuart+Eye+Center/data=!4m2!3m1!1s0x872fa81229635fd3:0x3f00b109378aaf12
Dr. Tracy Montierth,"1502 S 1st Ave Ste 8, Safford, AZ 85546, United States",32.8223093,-109.7077793,https://www.google.com/maps/place/Dr.+Tracy+Montierth/data=!4m2!3m1!1s0x86d7fb811b36aaab:0x5c0fdc495f00bbf2
Western Medical Eye Center,"1800 AZ-95, Bullhead City, AZ 86442, United States",35.1203757,-114.5894688,https://www.google.com/maps/place/Western+Medical+Eye+Center/data=!4m2!3m1!1s0x80ce41622a6b5cff:0xcc1b5ac408461a0f
Mohave Eye Center,"2110 Airway Ave, Kingman, AZ 86409, United States",35.2244671,-114.0287671,https://www.google.com/maps/place/Mohave+Eye+Center/data=!4m2!3m1!1s0x80ce40e0c811ab97:0x4144924a93f893af
Colorado River Eye Care,"2840 AZ-95 #108, Bullhead City, AZ 86442, United States",35.0834191,-114.5968193,https://www.google.com/maps/place/Colorado+River+Eye+Care/data=!4m2!3m1!1s0x80ce4121c01c0ab9:0xf8bb5415ce7c041e
Custom Eyes,"2500 N Silverbell Rd Ste 180 Ste. 180, Tucson, AZ 85745, United States",32.2530217,-111.014046,https://www.google.com/maps/place/Custom+Eyes/data=!4m2!3m1!1s0x80c8d1a8179ef409:0xa996683329cf82c6
Capella Eyecare,"12625 N Saguaro Blvd STE 106, Fountain Hills, AZ 85268, United States",33.6005712,-111.7152298,https://www.google.com/maps/place/Capella+Eyecare/data=!4m2!3m1!1s0x872b9880b49a1ab1:0x4417ce5c1bf2d3b8
Golden Vision Optometry,"15333 Culver Dr # 690, Irvine, CA 92604, United States",33.695871,-117.798307,https://www.google.com/maps/place/Golden+Vision+Optometry/data=!4m2!3m1!1s0x80c8b8b914c05729:0x31270e99d66e2f4c
Eyediology Vision Care,"4175 S Grand Canyon Dr #105, Las Vegas, NV 89147, United States",36.1138043,-115.3073958,https://www.google.com/maps/place/Eyediology+Vision+Care/data=!4m2!3m1!1s0x80c8bf4aaa2e997b:0x5e1b4b656be2d0b9
Summerlin Vision,"900 S Pavilion Center Dr Suite 140, Las Vegas, NV 89144, United States",36.1610907,-115.3294971,https://www.google.com/maps/place/Summerlin+Vision/data=!4m2!3m1!1s0x80c8bf094c6f40ed:0xbdb96e19bf550044
The Vision Centers - Northwest,"4343 N Rancho Dr #116, Las Vegas, NV 89130, United States",36.2385588,-115.2333307,https://www.google.com/maps/place/The+Vision+Centers+-+Northwest/data=!4m2!3m1!1s0x80c8ea5903165f6f:0x984127df6e7388b6
Centennial Eyecare Skye Canyon,"9650 W Skye Canyon Park Dr Ste 140, Las Vegas, NV 89166, United States",36.3145754,-115.3064727,https://www.google.com/maps/place/Centennial+Eyecare+Skye+Canyon/data=!4m2!3m1!1s0x80c8931367b7befb:0xa31a5cbe01d64301
The Vision Centers,"7475 E Tanque Verde Rd, Tucson, AZ 85715, United States",32.25104,-110.833204,https://www.google.com/maps/place/The+Vision+Centers/data=!4m2!3m1!1s0x80c8c7b14d36066b:0x8f86abde3dd9f3c2
Vegas Vision - Craig Location,"4388 E Craig Rd Ste 150, Las Vegas, NV 89115, United States",36.2412244,-115.0776589,https://www.google.com/maps/place/Vegas+Vision+-+Craig+Location/data=!4m2!3m1!1s0x80c8dd5961bc1e8b:0x318116faf6631cf3
Lucid Optix Las Vegas,"6225 S Durango Dr STE 103, Las Vegas, NV 89113, United States",36.0752922,-115.2797129,https://www.google.com/maps/place/Lucid+Optix+Las+Vegas/data=!4m2!3m1!1s0x80c8c78d83a94e0f:0x6007a08e8bde2216
Vegas Vision,"2595 S Maryland Pkwy UNIT 106, Las Vegas, NV 89109, United States",36.1426824,-115.1375758,https://www.google.com/maps/place/Vegas+Vision/data=!4m2!3m1!1s0x80c8c486159459b5:0x366f314c1cb17b11
St. Rose Eye Care,"3515 St Rose Pkwy Ste 110, Henderson, NV 89052, United States",35.9867659,-115.1400292,https://www.google.com/maps/place/St.+Rose+Eye+Care/data=!4m2!3m1!1s0x80c8cf4e88347315:0xa6a0e289696e4baa
Vision Source - North Las Vegas,"3335 W Craig Rd a, North Las Vegas, NV 89032, United States",36.238508,-115.185571,https://www.google.com/maps/place/Vision+Source+-+North+Las+Vegas/data=!4m2!3m1!1s0x80c8e9f436002137:0x907a0194150616b6
Family Focused Eyecare,"4401 E Sunset Rd Suite 5, Henderson, NV 89014, United States",36.070406,-115.0774119,https://www.google.com/maps/place/Family+Focused+Eyecare/data=!4m2!3m1!1s0x80c8d011758955c9:0xe03122de025e59f7
Golden Eyes Optometry,"25 E Horizon Ridge Pkwy Suite 100, Henderson, NV 89002, United States",36.01011099999999,-114.9933399,https://www.google.com/maps/place/Golden+Eyes+Optometry/data=!4m2!3m1!1s0x80c8d587b344075b:0x6457dada9b1681b3
Northland Eye Care,"2050 S Woodlands Village Blvd #3, Flagstaff, AZ 86001, United States",35.1824493,-111.6673965,https://www.google.com/maps/place/Northland+Eye+Care/data=!4m2!3m1!1s0x872d85884851ad51:0x6e6a7b2e3412ff25
Clear Vision Express,"6691 N Thornydale Rd, Tucson, AZ 85741, United States",32.3283003,-111.0468318,https://www.google.com/maps/place/Clear+Vision+Express/data=!4m2!3m1!1s0x86d67513e421c4eb:0x4faac5e2facbee23
Arizona Vision Therapy Center,"2312 N Rosemont Blvd Suite #100 and #103, Tucson, AZ 85712, United States",32.2491623,-110.8829994,https://www.google.com/maps/place/Arizona+Vision+Therapy+Center/data=!4m2!3m1!1s0x86d66f1cd533b963:0xa68275833169f3d3
Envision Eyecare Center,"525 W Wetmore Rd, Tucson, AZ 85705, United States",32.284882,-110.9810057,https://www.google.com/maps/place/Envision+Eyecare+Center/data=!4m2!3m1!1s0x86d6739354f3355d:0x4ae756973298f0c6
Northwest Eye Specilaists,"5599 N Oracle Rd, Tucson, AZ 85704, United States",32.30813,-110.9792503,https://www.google.com/maps/place/Northwest+Eye+Specilaists/data=!4m2!3m1!1s0x86d6739e1cf541ad:0x2673d7f4d63a3333
Clear Vision Express,"6691 N Thornydale Rd, Tucson, AZ 85741, United States",32.3283003,-111.0468318,https://www.google.com/maps/place/Clear+Vision+Express/data=!4m2!3m1!1s0x86d67527ef8b34f5:0xc5719b959ab05684
Sierra Vista Vision,"1502 E Fry Blvd # 2, Sierra Vista, AZ 85635, United States",31.5542518,-110.2816858,https://www.google.com/maps/place/Sierra+Vista+Vision/data=!4m2!3m1!1s0x86d7293ff2492129:0x71e0cc252727f183
Elite Eyecare Center,"Elite Eyecare Center, 3383 W Main St, Thatcher, AZ 85552, United States",32.8488015,-109.7566296,https://www.google.com/maps/place/Elite+Eyecare+Center/data=!4m2!3m1!1s0x86d7fccd737688c1:0x3e3d84ced5906ab9
Vision Wellness,"10750 W McDowell Rd Ste A 100, Avondale, AZ 85392, United States",33.4648739,-112.2911424,https://www.google.com/maps/place/Vision+Wellness/data=!4m2!3m1!1s0x872b497a696770ed:0x54cc5fda1080d700
Cave Creek Eye Care,"7100 E Cave Creek Rd STE 141, Cave Creek, AZ 85331, United States",33.8299616,-111.9281219,https://www.google.com/maps/place/Cave+Creek+Eye+Care/data=!4m2!3m1!1s0x872b7f605d57794f:0x2fa5bb64c8d65b80
Eye Love Smiles Eye and Dental Care,"11851 N 51st Ave, Glendale, AZ 85304, United States",33.5936467,-112.1681614,https://www.google.com/maps/place/Eye+Love+Smiles+Eye+and+Dental+Care/data=!4m2!3m1!1s0x872b6bde49588685:0x602dc6f176d0419e
Seville Eye Center,"3336 E Chandler Heights Rd # 101, Gilbert, AZ 85298, United States",33.2347418,-111.717682,https://www.google.com/maps/place/Seville+Eye+Center/data=!4m2!3m1!1s0x872a53210a2c5a67:0xce8b62a398031074
Experts on Sight,"3303 S Lindsay Rd STE 101, Gilbert, AZ 85297, United States",33.2897791,-111.7737485,https://www.google.com/maps/place/Experts+on+Sight/data=!4m2!3m1!1s0x872bab8335622ea3:0x4bf6962811826786
Eye Concepts Vision Center,"690 E Warner Rd #128, Gilbert, AZ 85296, United States",33.336415,-111.7760909,https://www.google.com/maps/place/Eye+Concepts+Vision+Center/data=!4m2!3m1!1s0x872ba95af94aa967:0xffc1b512dff39960
Total Eyecare Center,"11230 N Tatum Blvd STE 100, Phoenix, AZ 85028, United States",33.5886581,-111.9786919,https://www.google.com/maps/place/Total+Eyecare+Center/data=!4m2!3m1!1s0x872b062a4509f837:0xfd9c7deca700e942
Family Eyecare of Scottsdale,"9815 E Bell Rd STE 105, Scottsdale, AZ 85260, United States",33.6396675,-111.8688966,https://www.google.com/maps/place/Family+Eyecare+of+Scottsdale/data=!4m2!3m1!1s0x872b75f0286ea265:0x37a974455fd41457
Lumiere Optique,"15444 N Greenway Hayden Loop #201d, Scottsdale, AZ 85260, United States",33.6264866,-111.9230453,https://www.google.com/maps/place/Lumiere+Optique/data=!4m2!3m1!1s0x872b758bdf4ae6b1:0xde373e46f811744f
"Salt River Eye Care, PLLC","9015 E Pima Center Pkwy Ste1, Scottsdale, AZ 85258, United States",33.5597456,-111.8871089,"https://www.google.com/maps/place/Salt+River+Eye+Care,+PLLC/data=!4m2!3m1!1s0x872b0ace7414bdd7:0x6e2fb33f1451e604"
Arizona Eye Health,"8575 E Princess Dr #105, Scottsdale, AZ 85255, United States",33.6447985,-111.893706,https://www.google.com/maps/place/Arizona+Eye+Health/data=!4m2!3m1!1s0x872b75d6526ae6e5:0x61959a30196d585f
Scottsdale Eyeology - Optometrist,"23207 N Scottsdale Rd Suite B105, Scottsdale, AZ 85255, United States",33.6976127,-111.9235916,https://www.google.com/maps/place/Scottsdale+Eyeology+-+Optometrist/data=!4m2!3m1!1s0x872b7704ed48e5d7:0x73604966d8aad2ab
Optical Expressions - Hilton Village,"6137 N Scottsdale Rd #113, Scottsdale, AZ 85250, United States",33.52645,-111.92452,https://www.google.com/maps/place/Optical+Expressions+-+Hilton+Village/data=!4m2!3m1!1s0x872b0b124545dc41:0x1803392748b0cdec
Urban Optique & Eye Care,"4960 S Gilbert Rd Ste 11, Chandler, AZ 85249, United States",33.2342428,-111.7919543,https://www.google.com/maps/place/Urban+Optique+%26+Eye+Care/data=!4m2!3m1!1s0x872a54cbe8e77789:0x6cb7ba6003e6aff1
Gilbert Family Eye Center,"4915 E Baseline Rd Ste 115, Gilbert, AZ 85234, United States",33.377961,-111.724976,https://www.google.com/maps/place/Gilbert+Family+Eye+Center/data=!4m2!3m1!1s0x872baefc5eb4f749:0xdb6e45224356b926
National Eye & Ear of Tucson,"4540 E Grant Rd, Tucson, AZ 85712, United States",32.250245,-110.896073,https://www.google.com/maps/place/National+Eye+%26+Ear+of+Tucson/data=!4m2!3m1!1s0x86d66e243a610017:0x47012d5d6307492a
Yuma Vision Center,"2750 S Pacific Ave # D, Yuma, AZ 85365, United States",32.6777922,-114.5992981,https://www.google.com/maps/place/Yuma+Vision+Center/data=!4m2!3m1!1s0x80d658ada4d01695:0xe68e572aedcc8fa4
Corona Optique,"2149 W 24th St, Yuma, AZ 85364, United States",32.6827978,-114.6452162,https://www.google.com/maps/place/Corona+Optique/data=!4m2!3m1!1s0x80d6f6205aa749b7:0x27b8c78141c9a38e
Stuart Eye Center,"122 W 3rd St, Winslow, AZ 86047, United States",35.0247987,-110.6983158,https://www.google.com/maps/place/Stuart+Eye+Center/data=!4m2!3m1!1s0x872e426e7a98c221:0x250d912a5af0c562
Lesco Optical,"4444 E Grant Rd # 114, Tucson, AZ 85712, United States",32.250025,-110.8975596,https://www.google.com/maps/place/Lesco+Optical/data=!4m2!3m1!1s0x86d66e2698336afd:0x44c386bd2b4c357a
Optical Intuitions,"1720 E Warner Rd #9, Tempe, AZ 85284, United States",33.3353104,-111.9124548,https://www.google.com/maps/place/Optical+Intuitions/data=!4m2!3m1!1s0x872b04248be22e43:0x74357e4b36239be5
Lakeshore Optical,"1726 E Southern Ave SUITE 6, Tempe, AZ 85282, United States",33.3941542,-111.9106839,https://www.google.com/maps/place/Lakeshore+Optical/data=!4m2!3m1!1s0x872b0883e1165a5f:0x2c95fa6de9c6d966
American Vision Partners,"63 S Rockford Dr #220, Tempe, AZ 85281, United States",33.4316674,-111.8973427,https://www.google.com/maps/place/American+Vision+Partners/data=!4m2!3m1!1s0x872b09a5b227f7fd:0xf0c22b5ed0fe6149
The Village Eye Care,"15003 W Bell Rd #100, Surprise, AZ 85374, United States",33.6375492,-112.3831158,https://www.google.com/maps/place/The+Village+Eye+Care/data=!4m2!3m1!1s0x872b44b64505ec17:0x7645adfd64ab76c3
Optical Boutique-Promenade,"10001 W Bell Rd, Sun City, AZ 85351, United States",33.6370488,-112.2752695,https://www.google.com/maps/place/Optical+Boutique-Promenade/data=!4m2!3m1!1s0x872b42e64a53f8db:0xb3442044cefab538
Northwest Valley Eye Care,"13000 N 103rd Ave #94, Sun City, AZ 85351, United States",33.6019916,-112.281973,https://www.google.com/maps/place/Northwest+Valley+Eye+Care/data=!4m2!3m1!1s0x872b424bad08dc29:0x79072d1389b1bcef
White Mountain Eye Center,"932 Main St, Snowflake, AZ 85937, United States",34.4962282,-110.0791524,https://www.google.com/maps/place/White+Mountain+Eye+Center/data=!4m2!3m1!1s0x872f3c6f4134b959:0xefff5fcbd754ab74
"Stephen D. Phillips, OD","960 E Fry Blvd, Sierra Vista, AZ 85635, United States",31.5542152,-110.2888055,"https://www.google.com/maps/place/Stephen+D.+Phillips,+OD/data=!4m2!3m1!1s0x86d729417d004c5b:0xc906e4c957fab0aa"
Daynes EyeCare,"400 W Fry Blvd #09, Sierra Vista, AZ 85635, United States",31.5533939,-110.3038292,https://www.google.com/maps/place/Daynes+EyeCare/data=!4m2!3m1!1s0x86d7284b0188cddd:0xa941d62e77809d55
4116 Avenida Cochise,"4116 Avenida Cochise, Sierra Vista, AZ 85635, USA",31.5324302,-110.2558647,https://www.google.com/maps/place/4116+Avenida+Cochise/data=!4m2!3m1!1s0x86d729417d9b94d5:0x601084e4f7cd5b6d
"Scottsdale Eye Physicians and Surgeons, PC","7550 E 2nd St, Scottsdale, AZ 85251, United States",33.4914622,-111.9177355,"https://www.google.com/maps/place/Scottsdale+Eye+Physicians+and+Surgeons,+PC/data=!4m2!3m1!1s0x872b0bc63539b429:0x7c7b84f2ac4cfff7"
Optimum Vision & Eye Care,"10575 N 114th St Suite 109, Scottsdale, AZ 85259, United States",33.5818981,-111.8320378,https://www.google.com/maps/place/Optimum+Vision+%26+Eye+Care/data=!4m2!3m1!1s0x872b7521fe72ec79:0xece689ce3c469ce4
i2iOptique,"8300 Hayden Rd Suite B112, Scottsdale, AZ 85258, United States",33.5574319,-111.9005951,https://www.google.com/maps/place/i2iOptique/data=!4m2!3m1!1s0x872b75824e2005ff:0x8e8e984813e2880b
5537 E Thunderbird Rd,"5537 E Thunderbird Rd, Scottsdale, AZ 85254, USA",33.6111849,-111.9613455,https://www.google.com/maps/place/5537+E+Thunderbird+Rd/data=!4m2!3m1!1s0x872b738daaf4cd11:0x8cf05aeb983157f1
Ancala Eye Care,"11219 E Vía Linda Ste D3, Scottsdale, AZ 85259, United States",33.5865273,-111.8388361,https://www.google.com/maps/place/Ancala+Eye+Care/data=!4m2!3m1!1s0x872b9feea07bf995:0xf3f071625b627c04
Clarkson Eyecare Shea Blvd.,"8404 E Shea Blvd #105, Scottsdale, AZ 85260, United States",33.5828822,-111.899501,https://www.google.com/maps/place/Clarkson+Eyecare+Shea+Blvd./data=!4m2!3m1!1s0x872b7494685c0da9:0x63ad5ea1efdaf1b4
C.L.A.S.I.K. Vision Care,"3125 W Hunt Hwy Ste B102, San Tan Valley, AZ 85142, United States",33.1894622,-111.6005639,https://www.google.com/maps/place/C.L.A.S.I.K.+Vision+Care/data=!4m2!3m1!1s0x872a4c27532fb007:0x366a8dc8b19597d
Eye Doctor Safford AZ | Desert Family Vision Center,"620 S Central Ave, Safford, AZ 85546, United States",32.8326987,-109.711504,https://www.google.com/maps/place/Eye+Doctor+Safford+AZ+%7C+Desert+Family+Vision+Center/data=!4m2!3m1!1s0x86d7fc7d81bc417f:0xb598bd9e25831e4
Valley Eyecare Center,"760 E Pusch View Ln #100, Oro Valley, AZ 85737, United States",32.3959614,-110.9604169,https://www.google.com/maps/place/Valley+Eyecare+Center/data=!4m2!3m1!1s0x872b6cd9c357b215:0x417eec4ed728b52c
Total Eyecare Center,"11230 N Tatum Blvd STE 100, Phoenix, AZ 85028, United States",33.5886581,-111.9786919,https://www.google.com/maps/place/Total+Eyecare+Center/data=!4m2!3m1!1s0x872b730a85e70b93:0x89ba7db014997c33
Tatum Eyecare,"16429 N Tatum Blvd, Phoenix, AZ 85032, United States",33.6368642,-111.9773752,https://www.google.com/maps/place/Tatum+Eyecare/data=!4m2!3m1!1s0x872b7160b7926bd7:0x3056242836bbf957
Sundance Optical,"4201 N 16th St #160, Phoenix, AZ 85016, United States",33.4966423,-112.0471504,https://www.google.com/maps/place/Sundance+Optical/data=!4m2!3m1!1s0x872b0d7e07f56195:0x41a992356e42058f
Paradise Valley Eye Care,"12450 N 32nd St UNIT 1, Phoenix, AZ 85032, United States",33.6003226,-112.0135284,https://www.google.com/maps/place/Paradise+Valley+Eye+Care/data=!4m2!3m1!1s0x872b7246400b54b7:0xcc4aceca77448e2f
Primary Eye Care Center of Ahwatukee,"16515 S 40th St Ste 111, Phoenix, AZ 85048, United States",33.2967562,-111.9959734,https://www.google.com/maps/place/Primary+Eye+Care+Center+of+Ahwatukee/data=!4m2!3m1!1s0x872b047cd65adf99:0x4c427d5fbea8e1de
Lifetime Eye Care,"15810 S 45th St #150, Phoenix, AZ 85048, United States",33.3033854,-111.9874329,https://www.google.com/maps/place/Lifetime+Eye+Care/data=!4m2!3m1!1s0x872b0461c6492b2d:0x181323c8540648fe
Optical Expressions,"6137 N Scottsdale Rd #113, Scottsdale, AZ 85250, United States",33.52645,-111.92452,https://www.google.com/maps/place/Optical+Expressions/data=!4m2!3m1!1s0x872b0d6c45e641ef:0x78d5b8647db7ed87
Northern Avenue Eye Care,"2337 W Northern Ave, Phoenix, AZ 85021, United States",33.5529066,-112.1099734,https://www.google.com/maps/place/Northern+Avenue+Eye+Care/data=!4m2!3m1!1s0x872b6cefca70e03b:0xab79bfc90096e862
Newman Eye Center,"299 US-90, Bay St Louis, MS 39520, USA",30.3203256,-89.3371313,https://www.google.com/maps/place/Newman+Eye+Center/data=!4m2!3m1!1s0x872b703750fec7e9:0xd8f109cad00b40f1
Moon Valley Eyecare - Dr. Jesse Dominguez,"14435 N 7th St #104, Phoenix, AZ 85022, United States",33.6178114,-112.0650437,https://www.google.com/maps/place/Moon+Valley+Eyecare+-+Dr.+Jesse+Dominguez/data=!4m2!3m1!1s0x872b6e09837e821f:0xb3972b0be3c3ddac
Horizon Eye Specialists & Lasik Center,"18325 N Allied Way Ste 100, Phoenix, AZ 85054, United States",33.6531041,-111.9295688,https://www.google.com/maps/place/Horizon+Eye+Specialists+%26+Lasik+Center/data=!4m2!3m1!1s0x872b76bd6af6933d:0xabe5972e3aebaf12
Healthy Eye Care Fit Optical,"4525 N 24th St #120, Phoenix, AZ 85016, United States",33.5029071,-112.0298384,https://www.google.com/maps/place/Healthy+Eye+Care+Fit+Optical/data=!4m2!3m1!1s0x872b0d71809d299d:0xf93bfc1f62299ff4
Griego Family Eyecare,"3120 E Union Hills Dr #105, Phoenix, AZ 85050, United States",33.655639,-112.015966,https://www.google.com/maps/place/Griego+Family+Eyecare/data=!4m2!3m1!1s0x872b71ba6a001d3f:0x617adadb3bb5618d
Eye on Health Phoenix,"9305 W Thomas Rd Suite 300, Phoenix, AZ 85037, United States",33.4794976,-112.2599629,https://www.google.com/maps/place/Eye+on+Health+Phoenix/data=!4m2!3m1!1s0x872b3f70f40c1db1:0x63a12af656f05ec8
Central Phoenix Eye Care,"4745 N 7th St Suite 145, Phoenix, AZ 85014, United States",33.5066878,-112.0635137,https://www.google.com/maps/place/Central+Phoenix+Eye+Care/data=!4m2!3m1!1s0x872b12b0b728ea9b:0x94c374012abe1e70
Central Eyeworks,"24 W Camelback Rd B, Phoenix, AZ 85013, United States",33.5096591,-112.0757228,https://www.google.com/maps/place/Central+Eyeworks/data=!4m2!3m1!1s0x872b12c040ccabab:0x3b92519c78c1839f
Avante Optics,"2425 N 32nd St, Phoenix, AZ 85008, United States",33.4745074,-112.0125294,https://www.google.com/maps/place/Avante+Optics/data=!4m2!3m1!1s0x872b0dc7d05c0bbd:0x90cead526532e8c8
Arizona's Vision Eye Care Center,"15215 S 48th St STE 180, Phoenix, AZ 85044, United States",33.308278,-111.979856,https://www.google.com/maps/place/Arizona's+Vision+Eye+Care+Center/data=!4m2!3m1!1s0x872b046bba6cdfcf:0x80a80998b530e2a
Arizona Optical Dispensers,"440 N Alvernon Way # 101, Tucson, AZ 85711, United States",32.2276575,-110.9090793,https://www.google.com/maps/place/Arizona+Optical+Dispensers/data=!4m2!3m1!1s0x872b0da7228bb027:0xaefed246bd5e93fb
2221 E Orangewood Ave,"2221 E Orangewood Ave, Phoenix, AZ 85020, USA",33.5452867,-112.0339161,https://www.google.com/maps/place/2221+E+Orangewood+Ave/data=!4m2!3m1!1s0x872b72b0466cf7d9:0x6aaec913db55d45d
Advanced Eye Care Center,"5979 E Grant Rd #107, Tucson, AZ 85712, United States",32.2512859,-110.8640639,https://www.google.com/maps/place/Advanced+Eye+Care+Center/data=!4m2!3m1!1s0x872b692b74658861:0x186f10d4d222eb66
Accent Eye Care & Sports Vision Therapy/Aleta Gong OD,"16020 N 35th Ave Suite #2, Phoenix, AZ 85053, United States",33.6316467,-112.1341545,https://www.google.com/maps/place/Accent+Eye+Care+%26+Sports+Vision+Therapy%2FAleta+Gong+OD/data=!4m2!3m1!1s0x872b6fa4c4512f07:0x15ece32c358ae21
Westbrook Vision Center,"8877 W Union Hills Dr Ste 460, Peoria, AZ 85382, United States",33.6523052,-112.2490725,https://www.google.com/maps/place/Westbrook+Vision+Center/data=!4m2!3m1!1s0x872b42b9e469c25d:0xc5993840fa28a5d2
Sun Valley Family Optometry,"7075 W Bell Rd suite 5, Glendale, AZ 85308, United States",33.637725,-112.2097285,https://www.google.com/maps/place/Sun+Valley+Family+Optometry/data=!4m2!3m1!1s0x872b69df825a5cd7:0x9a090bc4e1396c53
Desert Eye Specialists,"1110 N El Dorado Pl, Tucson, AZ 85715, United States",32.2360464,-110.854945,https://www.google.com/maps/place/Desert+Eye+Specialists/data=!4m2!3m1!1s0x872b426ec4cee71f:0xeafa9cae20858d47
Desert Oasis Eye Care,"15256 N 75th Ave #380, Peoria, AZ 85381, United States",33.6235889,-112.2204325,https://www.google.com/maps/place/Desert+Oasis+Eye+Care/data=!4m2!3m1!1s0x872b69ceacce42e5:0x46cd3c5a7157b3f3
Avant Garde Eye Care,"10006 W Happy Valley Rd #1250, Peoria, AZ 85383, United States",33.7131011,-112.2744913,https://www.google.com/maps/place/Avant+Garde+Eye+Care/data=!4m2!3m1!1s0x872b68254714e26b:0xdde14f64e6b8f687
Payson Eye Care Center,"411 S Beeline Hwy # A, Payson, AZ 85541, United States",34.2356332,-111.3229196,https://www.google.com/maps/place/Payson+Eye+Care+Center/data=!4m2!3m1!1s0x872c10e5d3c5b6c9:0x3a8f24db95f4e21f
"George Leaks, OD","2120 Calvada Blvd N, Pahrump, NV 89048, United States",36.1939392,-115.975914,"https://www.google.com/maps/place/George+Leaks,+OD/data=!4m2!3m1!1s0x80c639dcacd66563:0x6df98a2c33df1e58"
Kohorst Keith OD,"2190 E Pebble Rd #140, Las Vegas, NV 89123, United States",36.0281627,-115.1215575,https://www.google.com/maps/place/Kohorst+Keith+OD/data=!4m2!3m1!1s0x80c639d8c9e6417f:0xbf82adc311efeca3
InVision Eye Center,"525 W Wetmore Rd, Tucson, AZ 85705, United States",32.284882,-110.9810057,https://www.google.com/maps/place/InVision+Eye+Center/data=!4m2!3m1!1s0x80c96df1bbfbb469:0x7546805e4ca049df
Desert Vision & Eye Care,"1110 N El Dorado Pl, Tucson, AZ 85715, United States",32.2360464,-110.854945,https://www.google.com/maps/place/Desert+Vision+%26+Eye+Care/data=!4m2!3m1!1s0x80c8ea18b3e0eb51:0x26313ea441dced3b
Dynamic Eye Care,"6935 N Aliante Pkwy St. 102, North Las Vegas, NV 89084, United States",36.286154,-115.1793643,https://www.google.com/maps/place/Dynamic+Eye+Care/data=!4m2!3m1!1s0x80c8e95d02f01675:0xf17716c60aad8981
Vision Source Mesquite,"1220 N Town E Blvd #220, Mesquite, TX 75150, United States",32.8100646,-96.61222269999999,https://www.google.com/maps/place/Vision+Source+Mesquite/data=!4m2!3m1!1s0x80ca2b467f87d5e7:0x45c7aafd156b39d7
Precision EyeCare,"7970 E Thompson Peak Pkwy STE 102, Scottsdale, AZ 85255, United States",33.6713732,-111.9098567,https://www.google.com/maps/place/Precision+EyeCare/data=!4m2!3m1!1s0x80ca2ae620f8f7d5:0xe62bf8fced9eb280
Sharper Vision Eyecare,"6239 E Brown Rd 113 #113, Mesa, AZ 85205, United States",33.4364964,-111.6959844,https://www.google.com/maps/place/Sharper+Vision+Eyecare/data=!4m2!3m1!1s0x872ba7e594342e17:0x28a0d31e2d97802
Lee EyeCare Center,"9265 E Baseline Rd UNIT 102, Mesa, AZ 85209, United States",33.3787611,-111.6330014,https://www.google.com/maps/place/Lee+EyeCare+Center/data=!4m2!3m1!1s0x872bb1bcff34d43f:0x741fbf7c5bc993fe
"Krasemann, Mark A OD","8003 E Apache Trail, Mesa, AZ 85207, United States",33.4149886,-111.658569,"https://www.google.com/maps/place/Krasemann,+Mark+A+OD/data=!4m2!3m1!1s0x872bb018eada9215:0x155d4e41931fa90a"
Golden Hills Optical,"1423 S Higley Rd #104, Mesa, AZ 85206, United States",33.3892742,-111.718546,https://www.google.com/maps/place/Golden+Hills+Optical/data=!4m2!3m1!1s0x872baf0661830def:0xd334201fb44d94a6
EyeMagination,"1450 W Southern Ave # 8, Mesa, AZ 85202, United States",33.3942163,-111.8631545,https://www.google.com/maps/place/EyeMagination/data=!4m2!3m1!1s0x872b07fc1d87e993:0x3449e215c0ee7db
Acuity Eye Center,"745 W Baseline Rd #21, Mesa, AZ 85210, United States",33.3780963,-111.8481024,https://www.google.com/maps/place/Acuity+Eye+Center/data=!4m2!3m1!1s0x872ba805adfedd1b:0xcec9e4cd8f3e9d09
"Laveen Lasik and Total Eyecare, PLLC","2710 W Southern Ave Suite #109, Phoenix, AZ 85041, United States",33.3929053,-112.1167562,"https://www.google.com/maps/place/Laveen+Lasik+and+Total+Eyecare,+PLLC/data=!4m2!3m1!1s0x872b16e71a747a0b:0xc4a3abe9bc951fd8"
YESnick Vision Center,"9191 W Flamingo Rd Suite 120, Las Vegas, NV 89147, United States",36.114626,-115.2922383,https://www.google.com/maps/place/YESnick+Vision+Center/data=!4m2!3m1!1s0x80c8bf33e21f2ccf:0x6e3d344c1430c34
Vivo Vision Optometry,"4750 W Sahara Ave #2, Las Vegas, NV 89102, United States",36.1452081,-115.2063273,https://www.google.com/maps/place/Vivo+Vision+Optometry/data=!4m2!3m1!1s0x80c8b8b585af08c7:0xd3661d5378616093
Sahara Eye Center,"Sahara Buffalo Center, 7782 W Sahara Ave, Las Vegas, NV 89117, United States",36.1448394,-115.2605622,https://www.google.com/maps/place/Sahara+Eye+Center/data=!4m2!3m1!1s0x80c8c0954fcf1e2b:0xee305a4a3fa4e69e
The Vision Centers,"7475 E Tanque Verde Rd, Tucson, AZ 85715, United States",32.25104,-110.833204,https://www.google.com/maps/place/The+Vision+Centers/data=!4m2!3m1!1s0x80c8c018440b47c1:0x81816701ad5e84bc
Spectacle,"6351 E Broadway Blvd Ste 115, Tucson, AZ 85710, United States",32.2215281,-110.8561218,https://www.google.com/maps/place/Spectacle/data=!4m2!3m1!1s0x80c8bf72034d9f35:0x631ca3ee4a15fdb7
Southwest Eye Institute,"1400 Common Dr, El Paso, TX 79936, United States",31.7492335,-106.3157624,https://www.google.com/maps/place/Southwest+Eye+Institute/data=!4m2!3m1!1s0x67ef9ed27f0e1ca3:0xa93539834dce0a99
See Right Now,,,,https://www.google.com/maps/place/See+Right+Now/data=!4m2!3m1!1s0x80c8bfc4e544cb1b:0x6869b29d8b37af04
Trendsetter Eyewear,"1225 S Fort Apache Rd #145, Las Vegas, NV 89117, United States",36.1568895,-115.2924059,https://www.google.com/maps/place/Trendsetter+Eyewear/data=!4m2!3m1!1s0x80c8bf788139f5f1:0x4ea4ae2083a5f639
Optic Gallery Family Eye Care,"4036 River Oaks Dr Ste B-8, Myrtle Beach, SC 29579, United States",33.7549368,-78.8652852,https://www.google.com/maps/place/Optic+Gallery+Family+Eye+Care/data=!4m2!3m1!1s0x80c8c51895beb9d1:0x1994539915a6bc89
Optic Gallery Fort Apache,"5060 S Fort Apache Rd #150, Las Vegas, NV 89148, United States",36.0967114,-115.296528,https://www.google.com/maps/place/Optic+Gallery+Fort+Apache/data=!4m2!3m1!1s0x80c8b8bd3858e4b9:0x7f693c0c25824fba
Optic Gallery Aliante,"6592 N Decatur Blvd #130, Las Vegas, NV 89131, United States",36.279856,-115.2045551,https://www.google.com/maps/place/Optic+Gallery+Aliante/data=!4m2!3m1!1s0x80c8ebe9f414bad9:0x818a238968149305
Optic Gallery,"5870 E Broadway Blvd #436, Tucson, AZ 85711, United States",32.2202496,-110.865383,https://www.google.com/maps/place/Optic+Gallery/data=!4m2!3m1!1s0x80c8934d96c5a637:0x51f84bb5c6a8a384
Optic Gallery,"5870 E Broadway Blvd #436, Tucson, AZ 85711, United States",32.2202496,-110.865383,https://www.google.com/maps/place/Optic+Gallery/data=!4m2!3m1!1s0x80c8eb150df79e9d:0x8f431653aab6e837
Optic Gallery Summerlin,"7560 W Lake Mead Blvd #2, Las Vegas, NV 89128, United States",36.1977568,-115.2600179,https://www.google.com/maps/place/Optic+Gallery+Summerlin/data=!4m2!3m1!1s0x80c8c0233126c8b1:0xf05a36a1cc9175f7
Optic Gallery Sahara,"2580 S Decatur Blvd #6, Las Vegas, NV 89102, United States",36.1432368,-115.2075842,https://www.google.com/maps/place/Optic+Gallery+Sahara/data=!4m2!3m1!1s0x80c8c51895beb9d1:0xe3db45563dea97fe
Optic Gallery Boca Park in Summerlin,"8880 W Charleston Blvd, Las Vegas, NV 89117, United States",36.1600601,-115.2889377,https://www.google.com/maps/place/Optic+Gallery+Boca+Park+in+Summerlin/data=!4m2!3m1!1s0x80c8bf819a8ceb97:0xee28b7aaa0e02424
Optic Gallery,"5870 E Broadway Blvd #436, Tucson, AZ 85711, United States",32.2202496,-110.865383,https://www.google.com/maps/place/Optic+Gallery/data=!4m2!3m1!1s0x80c8c7c7a6ac91e5:0xabf5e69ed739f431
Family Eye Care,"4545 N Oracle Rd Suite 101, Tucson, AZ 85705, United States",32.2888968,-110.9786414,https://www.google.com/maps/place/Family+Eye+Care/data=!4m2!3m1!1s0x80c8c6963e800d83:0xa02f565ed3b451d2
The Eyecare Center,"4709 E Camp Lowell Dr, Tucson, AZ 85712, United States",32.2664956,-110.8916377,https://www.google.com/maps/place/The+Eyecare+Center/data=!4m2!3m1!1s0x80c8c756b7127c81:0x9c11044f387dfa50
"ModernEyes Family Eye Care, Dr. Jeimelie Magdato, OD and Dr. Lisa Guerrero, 
OD","7955 Blue Diamond Rd Suite #105, Las Vegas, NV 89178, United States",36.0184308,-115.2641234,"https://www.google.com/maps/place/ModernEyes+Family+Eye+Care,+Dr.+Jeimelie+Magdato,+OD+and+Dr.+Lisa+Guerrero,+%0AOD/data=!4m2!3m1!1s0x80c8c9a6498f94d1:0x439e6f137b2b9ca1"
5407 Bristol Bend Ct,"5407 Bristol Bend Ct, Las Vegas, NV 89135, USA",36.0906893,-115.3241281,https://www.google.com/maps/place/5407+Bristol+Bend+Ct/data=!4m2!3m1!1s0x80c8b8ddc1541a7d:0x44a3877bbaf97b27
Savvy Eyes,"500 E Windmill Ln Ste 120, Las Vegas, NV 89123, United States",36.0430064,-115.1525578,https://www.google.com/maps/place/Savvy+Eyes/data=!4m2!3m1!1s0x80c8c75eda43bc61:0xd6dfd8b75bc080e
Eyes & Optics,"4144 N Oracle Rd Suite 180, Tucson, AZ 85705, United States",32.2825202,-110.9770556,https://www.google.com/maps/place/Eyes+%26+Optics/data=!4m2!3m1!1s0x80c8befee333aed7:0x4e6628e1276fab4
Las Vegas Paiute Tribe Health and Human Services,"1257 Paiute Cir, Las Vegas, NV 89106, United States",36.1844239,-115.1398626,https://www.google.com/maps/place/Las+Vegas+Paiute+Tribe+Health+and+Human+Services/data=!4m2!3m1!1s0x80c8c3076a4c3667:0x1095b547a4da937a
Las Vegas Ophthalmology,"5052 S Jones Blvd Suite 175, Las Vegas, NV 89118, United States",36.0970604,-115.2243096,https://www.google.com/maps/place/Las+Vegas+Ophthalmology/data=!4m2!3m1!1s0x80c8c12d8a5763fb:0x34966df71f4cf641
Las Vegas Family Eye Care,"1300 S Eastern Ave, Las Vegas, NV 89104, United States",36.1542872,-115.1190846,https://www.google.com/maps/place/Las+Vegas+Family+Eye+Care/data=!4m2!3m1!1s0x80c8c49feb26b673:0xc6c75e30900bd053
In Focus Eyecare,"11465 Toepperwein Rd, San Antonio, TX 78233, United States",29.5414958,-98.33950379999999,https://www.google.com/maps/place/In+Focus+Eyecare/data=!4m2!3m1!1s0x80c8954acabd6b25:0x1d08fdcdd4222370
Dr. Michael Jones Vision Source,"401 N Buffalo Dr APT 205, Las Vegas, NV 89145, United States",36.1773414,-115.260596,https://www.google.com/maps/place/Dr.+Michael+Jones+Vision+Source/data=!4m2!3m1!1s0x80c8c0fcbe5301fd:0xcc2d052a7400a480
Insight Eye Care,"4925 S Alma School Rd #1, Chandler, AZ 85248, United States",33.2358523,-111.8584176,https://www.google.com/maps/place/Insight+Eye+Care/data=!4m2!3m1!1s0x80c8b8902b70b2ad:0xa1038fea97eca202
Image Eye Care,"5870 E Broadway Blvd #436, Tucson, AZ 85711, United States",32.2202496,-110.865383,https://www.google.com/maps/place/Image+Eye+Care/data=!4m2!3m1!1s0x80c8c938c32e78b1:0x2bb2ebf90de4bff2
iFocus Vision Center,"6135 S Fort Apache Rd Suite 400, Las Vegas, NV 89148, United States",36.0764775,-115.2979948,https://www.google.com/maps/place/iFocus+Vision+Center/data=!4m2!3m1!1s0x80c8b8b32b5808d5:0x871baa353f11560a
Buena Vision Optometry,"6134 W Lake Mead Blvd # E-8, Las Vegas, NV 89108, United States",36.1973541,-115.2242522,https://www.google.com/maps/place/Buena+Vision+Optometry/data=!4m2!3m1!1s0x80c8c1c61d185a13:0xac7874d6eea71559
William F Harvey OD,"815 S 7th St, Las Vegas, NV 89101, United States",36.1594368,-115.1439236,https://www.google.com/maps/place/William+F+Harvey+OD/data=!4m2!3m1!1s0x80c8c382d101d09d:0x35242edb4c49a85d
"Dr. David Davis, OD","6843 N Oracle Rd #151, Tucson, AZ 85704, United States",32.3308942,-110.9783498,"https://www.google.com/maps/place/Dr.+David+Davis,+OD/data=!4m2!3m1!1s0x80c8dc988e9c741f:0x3770823620f5cfb7"
Mayer Eye Care,"62 N Pecos Rd Ste C, Henderson, NV 89074, United States",36.032,-115.0996668,https://www.google.com/maps/place/Mayer+Eye+Care/data=!4m2!3m1!1s0x80c8ce5365f7667f:0x3447d7febe92298d
Eyedentity Eye Care,"9671 N Nevada St # 210, Spokane, WA 99218, United States",47.7454997,-117.3959984,https://www.google.com/maps/place/Eyedentity+Eye+Care/data=!4m2!3m1!1s0x80c8b8cf58ee51c5:0xb5ae4058f073677f
Eye Care Services - Centennial Hills,"7105 N Durango Dr Ste 100, Las Vegas, NV 89149, United States",36.2901797,-115.2882824,https://www.google.com/maps/place/Eye+Care+Services+-+Centennial+Hills/data=!4m2!3m1!1s0x80c8934dec910d8b:0x259149c91c61bae7
Eye Care at Rhodes Ranch,"7415 S Durango Dr STE A110, Las Vegas, NV 89113, United States",36.0534382,-115.2810159,https://www.google.com/maps/place/Eye+Care+at+Rhodes+Ranch/data=!4m2!3m1!1s0x80c8c7f681e0d1a3:0xdfa0ab9d7b7ba6c2
EyeCare About Vegas,"2055 E Windmill Ln Ste 105, Las Vegas, NV 89123, United States",36.0420847,-115.1230003,https://www.google.com/maps/place/EyeCare+About+Vegas/data=!4m2!3m1!1s0x80c8cfb755561493:0x134bebe55c07549d
Elite Eye Care,"Elite Eyecare Center, 3383 W Main St, Thatcher, AZ 85552, United States",32.8488015,-109.7566296,https://www.google.com/maps/place/Elite+Eye+Care/data=!4m2!3m1!1s0x80c8c7d6474e120d:0xbe1784e9faa529c
Eye Care For Nevada,"9011 W Sahara Ave Suite#101, Las Vegas, NV 89117, United States",36.1430921,-115.2936208,https://www.google.com/maps/place/Eye+Care+For+Nevada/data=!4m2!3m1!1s0x80c8bf65b8841213:0x92d72f753e6ba59d
Spring Mountain Vision,"4043 Spring Mountain Rd, Las Vegas, NV 89102, United States",36.1260911,-115.1937375,https://www.google.com/maps/place/Spring+Mountain+Vision/data=!4m2!3m1!1s0x80c8c6a666cf57e9:0x14984519d7d2f70e
Vision 3,"3437 S Jones Blvd, Las Vegas, NV 89146, United States",36.1266473,-115.2260993,https://www.google.com/maps/place/Vision+3/data=!4m2!3m1!1s0x80c8c6d1f8fc6779:0x10f08cce3d4c46d2
Desert Eye Care,"1110 N El Dorado Pl, Tucson, AZ 85715, United States",32.2360464,-110.854945,https://www.google.com/maps/place/Desert+Eye+Care/data=!4m2!3m1!1s0x80c8dc9a4de01e05:0x117d95ed2924d871
Center For Sight,"5632 East 5th Street, Tucson, AZ 85711, United States",32.228744,-110.8716464,https://www.google.com/maps/place/Center+For+Sight/data=!4m2!3m1!1s0x80c8bf87d48e8177:0xc407db4b7621f9f0
Centennial Family Eyecare,"7090 N Durango Dr # 110, Las Vegas, NV 89149, United States",36.2896986,-115.2867782,https://www.google.com/maps/place/Centennial+Family+Eyecare/data=!4m2!3m1!1s0x80c8935261809541:0xeabb5879eb8f1ce1
Bright Eyes Optometry (Formerly Clearvision Eye Centers),"2233 E Speedway Blvd, Tucson, AZ 85719, United States",32.236409,-110.9384056,https://www.google.com/maps/place/Bright+Eyes+Optometry+(Formerly+Clearvision+Eye+Centers)/data=!4m2!3m1!1s0x80c8c7cbe69c1ae1:0xd2fa640357233947
Vision Source West Sahara,"8937 W Sahara Ave, Las Vegas, NV 89117, United States",36.1438419,-115.2917764,https://www.google.com/maps/place/Vision+Source+West+Sahara/data=!4m2!3m1!1s0x80c8bf6444df7421:0xff4d9e21e0da8fd4
"Brian K. Anderson, O.D","2198, 3200 N Soaring Gulls Dr #104, Las Vegas, NV 89129, United States",36.2188301,-115.2735173,"https://www.google.com/maps/place/Brian+K.+Anderson,+O.D/data=!4m2!3m1!1s0x80c8eab722afc6c1:0x59e7e89d9922cba6"
Larry L Davis LTD,"6707 W Charleston Blvd # 1B, Las Vegas, NV 89146, United States",36.1587877,-115.2411071,https://www.google.com/maps/place/Larry+L+Davis+LTD/data=!4m2!3m1!1s0x80c8c0fcb4939d8b:0xdb217f7876b6f2a1
All Things Eyes,"7060 S Durango Dr #112, Las Vegas, NV 89113, United States",36.0602912,-115.2774353,https://www.google.com/maps/place/All+Things+Eyes/data=!4m2!3m1!1s0x80c8c9a8016f5c73:0x42a2ff3efd2ec724
All Things Eyes,"7060 S Durango Dr #112, Las Vegas, NV 89113, United States",36.0602912,-115.2774353,https://www.google.com/maps/place/All+Things+Eyes/data=!4m2!3m1!1s0x80c8c78c987eb439:0x4eb0d69fa275fc64
Advanced Vision Institute,"7552 N La Cholla Blvd, Tucson, AZ 85741, United States",32.3435528,-111.0117056,https://www.google.com/maps/place/Advanced+Vision+Institute/data=!4m2!3m1!1s0x80c8c56ab7d8b3c7:0xf13d70d87c7fac9
Advanced Eyecare,"5979 E Grant Rd #107, Tucson, AZ 85712, United States",32.2512859,-110.8640639,https://www.google.com/maps/place/Advanced+Eyecare/data=!4m2!3m1!1s0x80c8eb43c018345d:0xe1fcb912123ecaca
Lake Havasu Family Eyecare,"2277 Swanson Ave #100, Lake Havasu City, AZ 86403, United States",34.4751165,-114.3206327,https://www.google.com/maps/place/Lake+Havasu+Family+Eyecare/data=!4m2!3m1!1s0x80d1f278b2bb4c25:0x781a042f936f69f6
Mohave Eye Center,"2110 Airway Ave, Kingman, AZ 86409, United States",35.2244671,-114.0287671,https://www.google.com/maps/place/Mohave+Eye+Center/data=!4m2!3m1!1s0x80cddc316164191b:0x3bd58471a115955f
Desert Family Eye Center PC,"2187 Airway Ave, Kingman, AZ 86409, United States",35.2251397,-114.0270083,https://www.google.com/maps/place/Desert+Family+Eye+Center+PC/data=!4m2!3m1!1s0x80cddc14db48e25b:0xf48a55a138ee4cc6
Optic Gallery,"5870 E Broadway Blvd #436, Tucson, AZ 85711, United States",32.2202496,-110.865383,https://www.google.com/maps/place/Optic+Gallery/data=!4m2!3m1!1s0x80c8d1ddc0387d25:0x3a823cd6d801f915
Optic Gallery,"5870 E Broadway Blvd #436, Tucson, AZ 85711, United States",32.2202496,-110.865383,https://www.google.com/maps/place/Optic+Gallery/data=!4m2!3m1!1s0x80c8ce71a28c62c3:0xd284314539452008
Nevada Eye Physicians (Formerly Nevada Eye and Ear),"1505 Wigwam Pkwy #100, Henderson, NV 89074, United States",36.0332856,-115.0488267,https://www.google.com/maps/place/Nevada+Eye+Physicians+(Formerly+Nevada+Eye+and+Ear)/data=!4m2!3m1!1s0x80c8cfd6ab8a0de7:0x434f9b0296131940
"John C. Lawyer O.D., Ltd.","4023 E Sunset Rd, Henderson, NV 89014, United States",36.0704124,-115.0859899,"https://www.google.com/maps/place/John+C.+Lawyer+O.D.,+Ltd./data=!4m2!3m1!1s0x80c8d01b3516f05b:0xa705f00c77b84d1f"
Henderson Vision Care,"680 S Green Valley Pkwy STE#120, Henderson, NV 89052, United States",36.0038618,-115.0819686,https://www.google.com/maps/place/Henderson+Vision+Care/data=!4m2!3m1!1s0x80c8cfdbcc47e085:0xb899c52cb4bec53b
Grant Steven E ODPC,"70 E Horizon Ridge Pkwy, Henderson, NV 89002, United States",36.0088844,-114.9905319,https://www.google.com/maps/place/Grant+Steven+E+ODPC/data=!4m2!3m1!1s0x80c8d40f08c98ba9:0x92235e4aa68265fe
Envision Eyecare,"525 W Wetmore Rd, Tucson, AZ 85705, United States",32.284882,-110.9810057,https://www.google.com/maps/place/Envision+Eyecare/data=!4m2!3m1!1s0x80c8ce119195fd1f:0xee02326e08a9b236
Vista Eye Care,"560 Continental Rd Unit 104, Green Valley, AZ 85614, United States",31.8570068,-110.9740688,https://www.google.com/maps/place/Vista+Eye+Care/data=!4m2!3m1!1s0x86d68497caf307b7:0xdd943066c07ea6bc
West Valley Vision Center,"2580 N Litchfield Rd, Goodyear, AZ 85395, United States",33.4764205,-112.3587674,https://www.google.com/maps/place/West+Valley+Vision+Center/data=!4m2!3m1!1s0x872b476019b08bfb:0x144230aa5d1d4d9d
Bella Vista Optical,"7122 N 59th Ave, Glendale, AZ 85301, United States",33.5406068,-112.1866179,https://www.google.com/maps/place/Bella+Vista+Optical/data=!4m2!3m1!1s0x872b6b009bced579:0xf612f4515e69c240
"Jan M. McVey, OD, PC","5135 W Thunderbird Rd, Glendale, AZ 85306, United States",33.6099764,-112.1698523,"https://www.google.com/maps/place/Jan+M.+McVey,+OD,+PC/data=!4m2!3m1!1s0x872b6ba76400520f:0x4a02812868b9526b"
Family Tree Eye Care,"67 S Higley Rd #104, Gilbert, AZ 85296, United States",33.3491258,-111.7196725,https://www.google.com/maps/place/Family+Tree+Eye+Care/data=!4m2!3m1!1s0x872bae8607000001:0x47c74adf42644fcf
Smart Specs Optical,"900 N San Francisco St, Flagstaff, AZ 86001, United States",35.2056646,-111.643714,https://www.google.com/maps/place/Smart+Specs+Optical/data=!4m2!3m1!1s0x872d8f4812dc04c5:0xb0123531f669fd4c
Eye Care Associates,"5240 E Knight Dr #104, Tucson, AZ 85712, United States",32.2486796,-110.881076,https://www.google.com/maps/place/Eye+Care+Associates/data=!4m2!3m1!1s0x872d8f481bc84d8b:0xffb99f8d4e61853b
Flagstaff Eye Care,"410 N San Francisco St, Flagstaff, AZ 86001, United States",35.2011499,-111.646012,https://www.google.com/maps/place/Flagstaff+Eye+Care/data=!4m2!3m1!1s0x872d8f46f023b8ef:0xa5cbcad27588d047
White Mountain Eye Institute,"39 E 1st St, Eagar, AZ 85925, United States",34.10889230000001,-109.2912164,https://www.google.com/maps/place/White+Mountain+Eye+Institute/data=!4m2!3m1!1s0x87261150e8f69e97:0x896688b79c6479d8
The Eye Clinic,"2177 W Orange Grove Rd, Tucson, AZ 85741, United States",32.322023,-111.0140144,https://www.google.com/maps/place/The+Eye+Clinic/data=!4m2!3m1!1s0x872d0ff203503335:0x70446723ad5e5324
Camp Verde Eye Care,"452 Finnie Flat Rd Suite A1, Camp Verde, AZ 86322, United States",34.5666038,-111.8621219,https://www.google.com/maps/place/Camp+Verde+Eye+Care/data=!4m2!3m1!1s0x872cfff35cd8bfc9:0xad645e8722e752e7
Vision Edge Eye Center,"7130 W Chandler Blvd #19, Chandler, AZ 85226, United States",33.306102,-111.965244,https://www.google.com/maps/place/Vision+Edge+Eye+Center/data=!4m2!3m1!1s0x872b04104027eb9b:0x3d65ff0a449be9a4
Sun Valley Eye Care,"Parking lot, 1901 W Warner Rd #1, Chandler, AZ 85224, United States",33.3345984,-111.8745705,https://www.google.com/maps/place/Sun+Valley+Eye+Care/data=!4m2!3m1!1s0x872b076bd8032c47:0x1a6130d4b081738f
Refocus Modern Eyecare,"2040 S Alma School Rd # 23, Chandler, AZ 85286, United States",33.2748301,-111.8606987,https://www.google.com/maps/place/Refocus+Modern+Eyecare/data=!4m2!3m1!1s0x872b01726a6bf44d:0x24691f6cfa834da0
Ocotillo Eyecare,"3940 S Alma School Rd # 5, Chandler, AZ 85248, United States",33.2482307,-111.8651753,https://www.google.com/maps/place/Ocotillo+Eyecare/data=!4m2!3m1!1s0x872b007325282f79:0x342e2695dd0c325
Invision Eyecare,"525 W Wetmore Rd, Tucson, AZ 85705, United States",32.284882,-110.9810057,https://www.google.com/maps/place/Invision+Eyecare/data=!4m2!3m1!1s0x872b069895382e5f:0xd8373dcbfc24875f
Insight Eyecare & Eyewear,"4925 S Alma School Rd #1, Chandler, AZ 85248, United States",33.2358523,-111.8584176,https://www.google.com/maps/place/Insight+Eyecare+%26+Eyewear/data=!4m2!3m1!1s0x872b00071440b82d:0xbfb7cb3042d9a76e
The Eye Center,"5632 East 5th Street, Tucson, AZ 85711, United States",32.228744,-110.8716464,https://www.google.com/maps/place/The+Eye+Center/data=!4m2!3m1!1s0x872b077dacdca539:0xbd2d09654135690f
Family Optometry,"4545 N Oracle Rd Suite 101, Tucson, AZ 85705, United States",32.2888968,-110.9786414,https://www.google.com/maps/place/Family+Optometry/data=!4m2!3m1!1s0x872b077450a2b0b5:0x5bd51518b761965c
Chandler Eyecare,"916 W Chandler Blvd #1, Chandler, AZ 85225, United States",33.3077262,-111.8585893,https://www.google.com/maps/place/Chandler+Eyecare/data=!4m2!3m1!1s0x872b00aa20e87975:0x49ede863e6c224a4
Agave Eye Care PLLC,"1815 E Queen Creek Rd #2, Chandler, AZ 85286, United States",33.2611304,-111.809876,https://www.google.com/maps/place/Agave+Eye+Care+PLLC/data=!4m2!3m1!1s0x872bab1e1d3c6977:0xb9b20d7a46abe9cb
Casa Grande Eye Care,"1968 N Peart Rd #12, Casa Grande, AZ 85122, United States",32.9074902,-111.7216001,https://www.google.com/maps/place/Casa+Grande+Eye+Care/data=!4m2!3m1!1s0x872a6744c5d3b1db:0x304447233ab54a1e
329 W 2nd St,"329 W 2nd St, Tucson, AZ 85705, USA",32.2326148,-110.9774255,https://www.google.com/maps/place/329+W+2nd+St/data=!4m2!3m1!1s0x80d77acb5402dff5:0x46598370944adbb5
1075 S Idaho Rd,"1075 S Idaho Rd, Apache Junction, AZ 85119, USA",33.4065848,-111.5457574,https://www.google.com/maps/place/1075+S+Idaho+Rd/data=!4m2!3m1!1s0x872bb6e7440113e1:0x2fc4e4274d274a1e
Arizona Primary Eye Care,"4413 E Broadway Blvd, Tucson, AZ 85711, United States",32.2218648,-110.898065,https://www.google.com/maps/place/Arizona+Primary+Eye+Care/data=!4m2!3m1!1s0x86d6702eab8db159:0xd868ed80b232f36b
Affinity Eye Care,"6615 N Oracle Rd, Tucson, AZ 85704, United States",32.327131,-110.976398,https://www.google.com/maps/place/Affinity+Eye+Care/data=!4m2!3m1!1s0x86d6736b1a1f25d7:0xee265c9f2ac1147b
